Find,Replace
Broome,Broome Street
Centre,Centre Street
Lafayette,Lafayette Street
Morton,Morton Street
Greenwich,Greenwich Street
Spring,Spring Street
31 Street,31st Street
Street Street,Street
1St.,1st
721 Broadway,715 Broadway
